ano;mes;estado;municipio;PRECIPITAÇÃO TOTAL, HORÁRIO (mm);PRESSAO ATMOSFERICA AO NIVEL DA ESTACAO, HORARIA (mB);PRESSÃO ATMOSFERICA MAX.NA HORA ANT. (AUT) (mB);PRESSÃO ATMOSFERICA MIN. NA HORA ANT. (AUT) (mB);RADIACAO GLOBAL (KJ/m²);TEMPERATURA DO AR - BULBO SECO, HORARIA (°C);TEMPERATURA DO PONTO DE ORVALHO (°C);TEMPERATURA MÁXIMA NA HORA ANT. (AUT) (°C);TEMPERATURA MÍNIMA NA HORA ANT. (AUT) (°C);TEMPERATURA ORVALHO MAX. NA HORA ANT. (AUT) (°C);TEMPERATURA ORVALHO MIN. NA HORA ANT. (AUT) (°C);UMIDADE REL. MAX. NA HORA ANT. (AUT) (%);UMIDADE REL. MIN. NA HORA ANT. (AUT) (%);UMIDADE RELATIVA DO AR, HORARIA (%);VENTO, DIREÇÃO HORARIA (gr) (° (gr));VENTO, RAJADA MAXIMA (m/s);VENTO, VELOCIDADE HORARIA (m/s);Unnamed: 19
2006;1;AM;Manaus;0.49333333333333335;1002.605641025641;1003.0628205128205;1002.3097435897436;1334.1941025641026;28.593333333333334;23.846153846153847;29.237948717948715;27.84769230769231;24.467692307692307;23.276923076923076;80.31025641025641;72.71538461538462;76.2974358974359;134.03589743589743;4.532564102564103;1.7343589743589742;
2006;1;MA;Sao luis;0.4834008097165992;1005.67004048583;1007.1582995951417;1004.3777327935222;13803.939271255062;27.80323886639676;23.59514170040486;28.238461538461536;27.23643724696356;24.00566801619433;23.19068825910931;81.4574898785425;76.1336032388664;78.52226720647774;55.7085020242915;6.902834008097166;2.669635627530364;
2006;1;MT;Cuiaba;0.2174712643678161;994.5027586206896;996.4887356321839;993.196091954023;15944.6;28.506666666666664;22.162068965517243;29.208275862068966;27.612873563218393;22.843218390804594;21.489195402298847;74.41609195402299;66.6367816091954;70.08275862068966;203.216091954023;5.362758620689656;2.255632183908046;
2006;1;MT;Rondonopolis;0.3922705314009662;977.3021739130435;977.6975845410627;977.0227053140097;16909.427536231884;27.716183574879228;22.460628019323675;28.275845410628023;26.934057971014493;22.92657004830918;21.965700483091787;76.91545893719807;73.29710144927536;74.68115942028986;156.67149758454107;4.9596618357487925;2.2717391304347827;
2006;1;MT;Sorriso;0.0;967.466;967.8486666666668;967.186;14292.72;26.513333333333332;21.093999999999998;27.194444444444443;25.673111111111112;21.737111111111112;20.443555555555555;77.99111111111111;70.9;74.12666666666667;168.82444444444445;0.005555555555555556;0.0;
2006;1;MT;Tangara da serra;0.5148148148148148;960.4513888888889;960.8412037037037;960.1641203703704;14511.787037037036;25.81388888888889;21.55972222222222;26.52476851851852;24.963194444444444;22.18958333333333;20.89884259259259;82.67824074074075;74.75925925925925;78.51851851851852;126.91203703703704;5.982407407407408;3.0636574074074074;
2006;1;PA;Belem;0.9092150170648463;1007.3703071672355;1007.6112627986347;1007.0126279863482;8533.788395904437;30.022866894197954;26.40716723549488;31.860409556313993;28.23242320819113;27.99215017064847;24.960068259385665;85.65529010238907;78.57337883959045;81.81911262798634;115.47098976109216;4.106825938566553;1.2273037542662117;
2006;1;PA;Castanhal;0.1473684210526316;1003.6167182662539;1004.0306501547989;1003.3702786377709;14836.693498452012;27.991640866873063;23.307739938080495;28.97616099071207;27.039009287925698;24.078328173374615;22.68421052631579;81.44582043343654;72.51083591331269;76.82662538699691;105.10835913312694;6.403715170278638;2.71671826625387;
2006;1;TO;Palmas;0.35560975609756096;977.1314634146343;977.5073170731707;976.8863414634147;1417.3068292682929;28.898536585365854;19.823170731707318;29.526829268292683;27.985853658536588;20.611951219512193;19.05609756097561;65.71707317073171;57.50487804878049;60.97560975609756;160.609756097561;4.908536585365853;2.009268292682927;
2006;1;TO;Parana;0.16212121212121214;977.910606060606;978.3015151515152;977.6633838383839;1795.3527777777776;29.523232323232325;20.349242424242426;30.226767676767675;28.43459595959596;21.27121212121212;19.42676767676768;66.07828282828282;56.94191919191919;60.76010101010101;147.57323232323233;4.973232323232324;2.2452020202020204;
2006;2;AM;Manaus;0.502970297029703;1003.1894389438945;1003.6425742574257;1002.863696369637;1200.4887788778876;28.255445544554455;23.8996699669967;28.867326732673266;27.581518151815185;24.506270627062705;23.353135313531354;81.8019801980198;74.48514851485149;78.04620462046205;109.55445544554455;4.399669966996699;1.674917491749175;
2006;2;MA;Sao luis;0.6535031847133758;1006.8006369426753;1008.5455414012738;1005.6952229299362;16601.512738853504;27.727707006369428;23.343630573248408;28.21082802547771;27.164649681528665;23.831528662420382;22.859554140127386;80.8343949044586;74.90764331210191;77.6656050955414;67.11464968152866;6.695541401273886;2.7369426751592356;
2006;2;MT;Cuiaba;0.5180790960451978;994.7189265536723;996.802824858757;993.4254237288135;17074.545197740114;28.337853107344635;22.58361581920904;29.04237288135593;27.449717514124295;23.21949152542373;21.937853107344633;76.59604519774011;68.909604519774;72.51412429378531;229.55649717514123;5.174293785310734;2.161581920903955;
2006;2;MT;Rondonopolis;0.3954929577464789;977.1064788732394;977.5298591549296;976.8295774647887;17468.14366197183;27.556338028169016;22.927042253521126;28.119436619718307;26.764225352112675;23.38450704225352;22.420563380281692;79.06478873239436;75.49859154929578;76.89577464788732;175.33802816901408;5.115774647887323;2.2935211267605635;
2006;2;MT;Sorriso;0.0;967.8072580645161;968.2432795698925;967.4717741935484;14035.301075268817;26.08817204301075;21.740591397849464;26.849193548387095;25.235752688172045;22.35967741935484;21.180913978494623;82.2741935483871;74.73655913978494;78.22043010752688;216.94623655913978;0.016666666666666666;0.0;
2006;2;MT;Tangara da serra;0.18907103825136612;960.4382513661203;960.8475409836066;960.1437158469945;16583.051912568306;26.15573770491803;21.639344262295083;26.860109289617483;25.300819672131148;22.233879781420764;20.959016393442624;81.55737704918033;73.67213114754098;77.52732240437159;100.31147540983606;5.783879781420765;2.9117486338797813;
2006;2;PA;Belem;0.5261437908496732;1007.9794117647059;1008.6075163398693;1007.9558823529412;11434.977124183006;29.639542483660133;25.30588235294118;30.359150326797383;28.839215686274507;26.09313725490196;24.527450980392157;82.33986928104575;75.06862745098039;78.51633986928104;117.52614379084967;4.662745098039215;1.5026143790849673;
2006;2;PA;Castanhal;0.44382470119521916;1004.4466135458167;1004.8717131474103;1004.2067729083665;15179.382470119523;27.61394422310757;23.24980079681275;28.481673306772908;26.81035856573705;23.95019920318725;22.63585657370518;81.37848605577689;74.86852589641434;78.09163346613546;103.42231075697211;6.3171314741035856;2.9278884462151393;
2006;2;TO;Palmas;0.627831715210356;977.8401294498381;978.2906148867313;977.5491909385114;1258.9022653721684;27.294174757281553;21.350485436893205;27.95598705501618;26.437864077669904;21.98284789644013;20.69611650485437;75.62135922330097;67.3042071197411;71.13268608414239;202.06472491909386;4.424595469255664;1.7864077669902914;
2006;2;TO;Parana;0.24671052631578946;978.2713815789474;978.7128289473685;977.9611842105263;1597.5592105263158;28.114473684210523;21.883552631578947;28.86546052631579;27.131907894736845;22.66184210526316;21.04046052631579;75.52631578947368;66.3717105263158;70.49342105263158;193.23684210526315;4.441118421052631;1.8845394736842105;
2006;3;AM;Manaus;0.35519999999999996;1003.9106666666667;1004.4114666666667;1003.6032;1220.4424000000001;28.372799999999998;23.948533333333334;28.964533333333335;27.67226666666667;24.5464;23.40426666666667;81.75466666666667;74.352;77.84533333333333;121.01066666666667;4.308;1.5904;
2006;3;MA;Sao luis;0.621;1007.5847500000001;1009.23375;1006.4785;15102.71;27.184;23.695;27.6265;26.6155;24.129250000000003;23.22925;84.82;79.18;81.8475;81.7;5.81775;2.1575;
2006;3;MT;Cuiaba;0.48328912466843504;995.5671087533157;997.8509283819628;994.0867374005305;17326.64721485411;28.33978779840849;22.92519893899204;29.085145888594166;27.453846153846154;23.582758620689656;22.331034482758618;77.88328912466844;70.14854111405836;73.64986737400531;249.12997347480106;5.225198938992043;2.282493368700265;
2006;3;MT;Rondonopolis;0.42402088772845953;977.523498694517;977.9665796344648;977.2352480417754;17783.501305483027;27.574934725848564;23.162402088772847;28.14255874673629;26.75691906005222;23.633681462140995;22.638381201044385;80.0;76.45691906005221;77.80156657963447;173.1148825065274;4.928720626631854;2.224804177545692;
2006;3;MT;Sorriso;0.0;968.2069587628865;968.6564432989691;967.898969072165;16222.353092783505;27.004123711340206;21.502319587628865;27.7;26.146134020618558;22.11237113402062;20.912113402061856;77.36340206185567;70.4020618556701;73.49742268041237;204.39690721649484;0.01211340206185567;0.0;
2006;3;MT;Tangara da serra;0.36086956521739133;961.0241847826088;961.4722826086957;960.7394021739129;15515.127717391304;26.039945652173916;21.951902173913044;26.838043478260868;25.07336956521739;22.567119565217393;21.289945652173913;83.5570652173913;75.11413043478261;79.17934782608695;118.57608695652173;5.566847826086956;2.7334239130434783;
2006;3;PA;Belem;1.0696296296296297;1009.1925925925926;1009.5555555555555;1008.8451851851852;11257.54074074074;28.437037037037037;24.525925925925925;28.897037037037038;27.931851851851853;25.291851851851852;23.822222222222223;84.74074074074075;76.14074074074074;80.19259259259259;95.53333333333333;5.141481481481482;1.637037037037037;
2006;3;PA;Castanhal;0.7727272727272727;1005.2482323232323;1005.6414141414141;1004.9275252525252;13852.84090909091;27.019191919191922;23.639646464646464;27.75909090909091;26.120454545454546;24.268939393939394;22.981060606060606;85.33585858585859;80.3409090909091;82.55555555555556;95.95454545454545;6.069191919191919;2.6979797979797984;
2006;3;TO;Palmas;0.4313131313131313;978.3646464646465;978.819191919192;978.0679292929293;1255.6681818181817;27.475;21.449494949494948;28.08560606060606;26.661616161616163;22.09040404040404;20.797222222222224;75.21464646464646;67.28030303030303;70.88131313131314;198.0328282828283;4.3782828282828286;1.7616161616161616;
2006;3;TO;Parana;0.5430769230769231;978.7123076923077;979.1476923076923;978.3938461538461;1521.1125641025642;27.901282051282053;21.9125641025641;28.63974358974359;26.95230769230769;22.615128205128205;21.159743589743588;76.51538461538462;67.92307692307692;71.85641025641026;197.37948717948717;4.392051282051282;1.847948717948718;
2006;4;AM;Manaus;0.6066465256797583;1003.4081570996979;1003.8851963746224;1003.12749244713;1218.2598187311178;28.436858006042296;24.014501510574018;29.01148036253776;27.760422960725077;24.629003021148037;23.48882175226586;81.62839879154079;74.40785498489426;77.75528700906344;155.03625377643505;3.987009063444109;1.4740181268882175;
2006;4;MA;Sao luis;0.8808625336927224;1006.0727762803234;1007.7369272237197;1005.0741239892184;11798.145552560647;26.637735849056604;23.928571428571427;27.092722371967653;26.189487870619946;24.347978436657684;23.475471698113207;88.2398921832884;82.73584905660377;85.60377358490567;131.72506738544473;4.164420485175202;1.1787061994609165;
2006;4;MT;Cuiaba;0.29292307692307695;996.9772307692307;999.3763076923077;995.4061538461539;15537.569230769232;28.20769230769231;21.97876923076923;28.87415384615385;27.220923076923075;22.661538461538463;21.277846153846156;75.7476923076923;67.78153846153846;71.11076923076924;223.92;4.2215384615384615;1.8655384615384614;
2006;4;MT;Rondonopolis;0.1795795795795796;978.2783783783784;978.657057057057;978.0168168168168;17331.90990990991;27.6045045045045;22.036036036036037;28.151951951951954;26.705705705705707;22.545945945945945;21.463663663663663;76.01201201201201;72.24324324324324;73.43543543543544;135.68768768768768;4.281681681681682;1.9762762762762764;
2006;4;MT;Sorriso;0.32573099415204676;968.2040935672514;968.6093567251463;967.9052631578946;15125.125730994152;26.660526315789472;20.95906432748538;27.3312865497076;25.79561403508772;21.55672514619883;20.36549707602339;76.79239766081871;69.96198830409357;72.95614035087719;163.2748538011696;0.01929824561403509;0.0;
2006;4;MT;Tangara da serra;0.3532710280373832;961.516199376947;961.9155763239876;961.2666666666665;16197.26168224299;26.14797507788162;21.05919003115265;26.86417445482866;25.22803738317757;21.721806853582553;20.346105919003115;79.6822429906542;71.30841121495327;75.22429906542057;125.45482866043614;5.31588785046729;2.8330218068535826;
2006;4;PA;Castanhal;0.5449275362318841;1004.2223188405798;1005.1110144927536;1004.3666666666667;14402.08115942029;26.983768115942027;23.951884057971014;27.755362318840582;26.151014492753625;24.62521739130435;23.340289855072463;86.85507246376811;81.6086956521739;83.89275362318841;146.97101449275362;4.826086956521739;1.9982608695652173;
2006;4;TO;Palmas;0.7692307692307693;978.2301775147929;978.671301775148;977.9517751479291;1077.8970414201183;26.860650887573964;21.346449704142014;27.4198224852071;26.072189349112424;21.916863905325442;20.71923076923077;77.19822485207101;69.47928994082841;72.98224852071006;190.8846153846154;4.294082840236687;1.6964497041420117;
2006;4;TO;Parana;0.32484848484848483;978.8524242424243;979.2818181818182;978.5781818181817;1483.988787878788;27.563939393939396;21.603333333333335;28.20787878787879;26.61181818181818;22.330606060606062;20.874545454545455;76.54242424242425;68.01212121212122;71.7;158.61212121212122;4.26;1.9;
2006;5;AM;Manaus;0.65703125;1005.471484375;1005.923046875;1005.19765625;1074.92421875;27.840625;24.02890625;28.394921875;27.187109375;24.590234375;23.490625;84.00390625;76.86328125;80.2421875;154.97265625;3.682421875;1.2234375;
2006;5;MA;Sao luis;0.18846153846153849;1008.0038461538461;1010.0038461538461;1007.0903846153846;16260.038461538461;27.902884615384615;23.672115384615385;28.362499999999997;27.35673076923077;24.158653846153847;23.15576923076923;81.78846153846153;75.3076923076923;78.47115384615384;99.74038461538461;4.9788461538461535;1.5317307692307693;
2006;5;MT;Cuiaba;0.016733067729083662;1003.2458167330677;1005.7027888446215;1001.6613545816733;16857.641434262947;26.66374501992032;16.812749003984063;27.23784860557769;25.518326693227092;17.499601593625496;16.102788844621514;62.37848605577689;54.96414342629482;57.51394422310757;201.15537848605578;4.759362549800796;2.2713147410358565;
2006;5;MT;Rondonopolis;0.05193798449612403;982.4147286821706;982.79496124031;982.193023255814;18724.403100775195;25.67558139534884;16.74263565891473;26.165891472868218;24.489922480620155;17.26434108527132;16.102713178294575;63.85271317829457;59.31782945736434;60.41085271317829;162.90697674418604;4.51860465116279;2.2089147286821706;
2006;5;MT;Sorriso;0.0;971.1148854961832;971.4790076335878;970.9087786259543;18237.347328244276;27.31832061068702;16.95381679389313;28.00152671755725;26.103435114503817;17.483969465648855;16.35648854961832;59.48854961832061;52.69847328244275;55.091603053435115;130.86259541984734;0.04083969465648855;0.0;
2006;5;MT;Tangara da serra;0.08503937007874016;965.4779527559054;965.8437007874015;965.2775590551181;17492.32283464567;24.658267716535434;16.490944881889764;25.329527559055116;23.596456692913385;17.10511811023622;15.693307086614173;66.26771653543307;58.72047244094488;62.06299212598425;119.90944881889764;6.404724409448819;3.5637795275590554;
2006;5;PA;Castanhal;0.5647940074906368;1006.2056179775282;1006.5977528089887;1005.943445692884;12970.430711610486;26.882022471910112;23.871535580524345;27.594007490636706;26.03258426966292;24.520973782771538;23.18501872659176;86.73408239700375;82.02247191011236;84.2621722846442;120.30711610486891;5.015355805243446;2.093258426966292;
2006;5;TO;Palmas;0.2131782945736434;980.1228682170544;980.4833333333333;979.8965116279069;1230.1403100775194;28.420930232558142;19.797286821705427;28.98875968992248;27.49341085271318;20.448837209302326;19.076356589147284;66.06976744186046;58.01550387596899;61.45348837209303;130.00387596899225;5.206201550387597;2.0271317829457365;
2006;5;TO;Parana;0.010256410256410256;981.0815384615385;981.4825641025641;980.8697435897436;1574.6861538461537;28.466666666666665;18.874871794871794;29.106153846153845;27.38871794871795;19.555897435897435;18.185128205128205;63.68205128205128;55.95897435897436;58.86666666666667;113.23589743589744;4.7215384615384615;2.187179487179487;
2006;6;AM;Manaus;0.1738888888888889;1005.4294444444444;1005.8166666666667;1005.208611111111;1485.6466666666668;29.633055555555554;23.558611111111112;30.2375;28.832500000000003;24.21527777777778;22.951666666666668;75.15833333333333;67.3861111111111;70.74166666666666;120.29444444444445;4.1025;1.600277777777778;
2006;6;MT;Cuiaba;0.0005649717514124294;1003.2545197740112;1006.0228813559321;1001.4864406779661;15968.415254237289;28.516384180790958;16.456214689265536;29.19180790960452;27.23587570621469;17.21412429378531;15.737005649717513;56.5225988700565;48.64971751412429;51.163841807909606;198.56214689265536;4.508192090395481;2.0146892655367235;
2006;6;MT;Rondonopolis;0.0;982.308831908832;982.6931623931623;982.1108262108263;18256.008547008547;27.562962962962963;16.380056980056978;28.11111111111111;26.17920227920228;16.95270655270655;15.762393162393163;57.95441595441596;52.47578347578347;53.675213675213676;121.76068376068376;4.645014245014245;2.173789173789174;
2006;6;MT;Sorriso;0.0;971.4696629213483;971.8078651685393;971.2676966292134;18401.828651685395;28.77387640449438;14.399719101123596;29.540730337078653;27.372191011235955;15.084269662921349;13.735955056179776;48.48033707865169;41.46910112359551;43.61797752808989;77.35955056179775;0.008146067415730339;0.0;
2006;6;MT;Tangara da serra;0.0016759776536312849;965.0583798882682;965.3854748603352;964.8608938547486;17377.298882681564;26.85139664804469;16.316759776536312;27.574581005586595;25.671787709497206;17.00754189944134;15.542178770949722;58.94692737430167;51.29050279329609;54.3463687150838;91.93296089385476;5.942458100558659;3.348882681564246;
2006;6;PA;Castanhal;0.24177545691906005;1006.7454308093995;1007.0691906005222;1006.4971279373369;15853.253263707571;27.955091383812007;23.038903394255875;28.68668407310705;27.050130548302874;23.761618798955617;22.310966057441256;78.91906005221932;72.97127937336815;75.66057441253264;114.27676240208878;5.624804177545692;2.430809399477807;
2006;6;TO;Palmas;0.0;981.3632311977716;981.6980501392757;981.1493036211699;1471.375487465181;29.266295264623956;14.642339832869082;29.81949860724234;28.16824512534819;15.255988857938718;14.001114206128133;46.21448467966574;40.04735376044568;42.24233983286908;116.83844011142061;7.048189415041783;3.031197771587744;
2006;6;TO;Parana;0.0;982.5320224719102;983.0247191011235;982.4151685393258;1724.0668539325843;29.452247191011235;13.970786516853934;30.27415730337079;28.453370786516853;14.597191011235957;13.240449438202248;43.735955056179776;37.735955056179776;40.39887640449438;112.12359550561797;6.331460674157303;2.910674157303371;
2006;7;AM;Manaus;0.128;1005.8045333333333;1006.204;1005.5655999999999;1490.3325333333332;30.060533333333336;23.388266666666667;30.709600000000002;29.195733333333333;24.0816;22.722666666666665;73.0;64.86133333333333;68.38933333333334;135.14933333333335;4.0149333333333335;1.5768;
2006;7;MT;Cuiaba;0.01945945945945946;1004.1124324324323;1006.8121621621622;1002.2662162162162;16723.056756756756;28.265135135135136;14.443513513513514;28.92837837837838;26.907567567567565;15.203513513513514;13.814054054054054;52.27567567567568;45.00810810810811;47.04864864864865;199.12702702702703;5.168918918918919;2.348648648648649;
2006;7;MT;Rondonopolis;0.01452513966480447;982.56843575419;982.9787709497207;982.363966480447;18819.938547486032;27.56983240223464;14.067039106145252;28.156703910614524;26.094972067039105;14.688547486033519;13.512849162011173;52.09497206703911;46.92178770949721;47.88268156424581;150.60055865921788;5.48072625698324;2.622905027932961;
2006;7;MT;Sorriso;0.0;971.8382749326146;972.200269541779;971.6258760107817;18516.09164420485;29.002964959568732;13.052291105121293;29.742857142857144;27.55148247978437;13.699460916442048;12.450404312668464;44.63072776280323;38.474393530997304;40.078167115902964;89.68733153638814;0.02749326145552561;0.0;
2006;7;MT;Tangara da serra;0.025842696629213482;965.39297752809;965.7691011235954;965.1977528089889;18694.252808988764;27.367134831460675;13.394382022471909;28.158426966292133;26.117415730337076;14.024157303370787;12.727247191011235;49.002808988764045;42.491573033707866;44.98033707865169;94.3005617977528;7.019101123595506;3.900842696629214;
2006;7;PA;Belem;0.14696485623003194;1010.0485623003195;1010.3635782747604;1009.7779552715655;15122.884984025559;28.705111821086263;22.67252396166134;29.47476038338658;27.760063897763576;23.32747603833866;21.987859424920128;75.59744408945687;67.26837060702876;71.1182108626198;120.59424920127796;4.075079872204473;1.2833865814696486;
2006;7;PA;Castanhal;0.2455;1007.2885000000001;1007.61825;1007.0352499999999;16780.465;28.22025;22.67425;29.008249999999997;27.285500000000003;23.40625;21.97025;77.5025;69.38;73.1275;103.5775;6.062749999999999;2.6197500000000002;
2006;7;TO;Palmas;0.0;981.5396782841823;981.880965147453;981.3187667560322;1429.520107238606;29.809383378016086;13.026005361930295;30.455764075067023;28.604825737265415;13.738337801608578;12.387935656836461;41.93029490616622;35.924932975871315;37.83646112600536;123.76675603217159;7.0900804289544235;3.0587131367292226;
2006;7;TO;Parana;0.0;982.8383763837638;983.3446494464946;982.7214022140222;1678.0785977859778;29.970848708487086;11.76678966789668;30.742435424354245;28.80627306273063;12.594833948339483;11.076752767527676;38.86346863468635;32.944649446494466;34.97047970479705;113.85608856088561;6.036531365313653;2.7859778597785976;
2006;8;AM;Manaus;0.008152173913043478;1004.69375;1005.141847826087;1004.4657608695653;1685.7230978260868;31.25733695652174;23.184510869565216;31.869293478260868;30.341576086956525;23.88233695652174;22.537499999999998;67.9945652173913;60.16576086956522;63.296195652173914;136.3641304347826;4.173369565217391;1.7842391304347827;
2006;8;MT;Cuiaba;0.056438356164383564;1001.5331506849315;1003.9920547945205;999.7427397260274;16874.528767123287;30.037534246575344;13.750410958904109;30.646301369863014;28.673698630136986;14.484383561643837;13.169315068493152;45.75616438356165;39.679452054794524;41.26849315068493;177.013698630137;5.597260273972603;2.5671232876712327;
2006;8;MT;Rondonopolis;0.0067901234567901226;980.3157407407407;980.8194444444445;980.1601851851852;22001.188271604937;31.160802469135803;13.316666666666668;31.796296296296298;29.616358024691362;14.02438271604938;12.901234567901234;41.379629629629626;36.24382716049383;37.06172839506173;153.1141975308642;6.061728395061729;2.9092592592592594;
2006;8;MT;Sorriso;0.0;969.8978378378379;970.3062162162162;969.6675675675675;18651.67837837838;30.890270270270268;13.52054054054054;31.63243243243243;29.43;14.132432432432433;12.952972972972974;41.34864864864865;35.729729729729726;37.25135135135135;110.52162162162162;0.12162162162162163;0.006486486486486487;
2006;8;MT;Tangara da serra;0.03569023569023569;963.3508417508418;963.8622895622894;963.2360269360269;22274.6734006734;30.13703703703704;13.088888888888889;31.10841750841751;29.01851851851852;13.665656565656565;12.466666666666667;40.52861952861953;35.225589225589225;37.5959595959596;127.62289562289563;7.923569023569025;4.293939393939394;
2006;8;PA;Belem;0.36857855361596004;1009.7291770573567;1010.0608478802993;1009.4640897755611;16769.52867830424;29.022443890274314;22.786284289276807;29.763591022443894;28.050623441396507;23.41720698254364;22.056608478802993;74.82294264339153;66.50124688279301;70.3067331670823;126.84788029925187;4.549376558603491;1.4995012468827928;
2006;8;PA;Castanhal;0.3513784461152882;1006.4636591478696;1006.8197994987468;1006.1929824561404;18167.9022556391;28.732080200501255;22.66466165413534;29.562406015037592;27.72731829573935;23.429323308270675;21.92706766917293;75.92731829573935;66.90977443609023;71.06766917293233;89.95739348370927;6.348872180451127;2.871177944862155;
2006;8;TO;Palmas;0.0037433155080213907;979.8820855614974;980.2882352941176;979.6251336898396;1559.6729946524063;31.750534759358292;11.727540106951873;32.35775401069519;30.544919786096255;12.484491978609626;11.068181818181818;35.16577540106952;30.018716577540108;31.62566844919786;125.37967914438502;7.868716577540107;3.4377005347593586;
2006;8;TO;Parana;0.0;980.2582978723404;980.9055319148936;980.1876595744681;1732.608510638298;33.7068085106383;11.026382978723403;34.50042553191489;32.715319148936175;11.746808510638298;10.35531914893617;28.2;24.314893617021276;25.906382978723403;104.44680851063829;6.827234042553192;2.8927659574468083;
2006;9;AM;Manaus;0.07262872628726287;1004.440379403794;1004.9352303523035;1004.1474254742548;1725.1051490514906;31.520054200542006;22.693224932249322;32.171544715447155;30.546612466124664;23.413279132791327;22.05989159891599;66.10840108401084;58.31978319783198;61.28184281842818;137.58536585365854;4.791327913279133;1.9704607046070461;
2006;9;MT;Campo novo dos parecis;0.07887323943661971;951.8690140845071;951.9507042253521;951.3028169014085;1417.8732394366198;23.94507042253521;18.035211267605632;24.84225352112676;23.495774647887323;18.452112676056338;17.356338028169013;73.83098591549296;67.40845070422536;71.49295774647888;227.4788732394366;4.081690140845071;1.2732394366197184;
2006;9;MT;Cuiaba;0.03298245614035087;995.9452631578948;996.9561403508771;995.4231578947367;6398.375087719298;29.998947368421057;18.300350877192983;30.62421052631579;29.00701754385965;19.153684210526315;17.649473684210527;57.15438596491228;50.37894736842105;52.810526315789474;227.53684210526316;5.246315789473685;2.374736842105263;
2006;9;MT;Rondonopolis;0.014565826330532213;979.7212885154062;980.1733893557424;979.4610644257702;18129.501400560224;29.180672268907564;17.2890756302521;29.877030812324932;27.944817927170867;17.987114845938375;16.72044817927171;56.963585434173666;50.25770308123249;52.45378151260504;186.71148459383753;5.679271708683474;2.7434173669467787;
2006;9;MT;Sorriso;0.10379746835443038;969.5506329113924;969.9911392405063;969.2572151898734;16477.691139240505;29.14582278481013;16.94126582278481;29.855696202531647;27.964303797468354;17.56632911392405;16.35594936708861;56.4126582278481;49.95443037974684;52.2;151.82025316455696;0.08303797468354429;0.0012658227848101266;
2006;9;MT;Tangara da serra;0.08760330578512397;963.1438016528926;963.5818181818182;962.894214876033;16533.303030303032;27.672176308539946;17.048760330578514;28.41845730027548;26.63002754820937;17.680716253443528;16.372727272727275;60.11570247933884;53.05785123966942;55.964187327823694;172.9228650137741;6.630303030303031;3.5278236914600547;
2006;9;PA;Belem;0.29819121447028424;1009.5782945736433;1009.9472868217053;1009.2883720930232;15915.211886304909;29.35374677002584;22.640826873385013;30.13229974160207;28.319121447028422;23.41111111111111;21.905943152454782;73.30490956072352;64.62532299741602;68.39018087855297;123.68992248062015;5.139276485788114;1.6643410852713179;
2006;9;PA;Castanhal;0.06614583333333333;1006.3041666666667;1006.6825520833332;1006.0229166666667;18851.916666666668;29.436979166666664;22.140885416666666;30.340625;28.3171875;22.92005208333333;21.4578125;71.16145833333333;62.6171875;66.23177083333333;65.82552083333333;7.457552083333333;3.58359375;
2006;9;TO;Palmas;0.40582010582010586;979.0952380952381;979.5383597883598;978.8087301587302;1502.713492063492;31.35079365079365;15.666137566137566;32.04206349206349;30.263227513227513;16.496560846560847;14.91111111111111;46.86243386243386;40.042328042328045;42.65343915343915;156.2089947089947;6.48068783068783;2.7195767195767195;
2006;9;TO;Parana;0.005673758865248227;979.7319148936172;980.2929078014183;979.5698581560284;1924.7134751773049;33.062056737588655;13.743617021276595;33.820567375886526;31.99255319148936;14.52304964539007;13.081205673758866;38.02482269503546;32.684397163120565;34.61347517730496;134.90425531914894;6.397163120567376;2.769858156028369;
2006;10;AM;Manaus;0.15024875621890546;1002.4166666666666;1002.9067164179105;1002.1350746268656;1578.0034825870648;31.80422885572139;23.34651741293532;32.342537313432835;30.952487562189052;23.989800995024876;22.74402985074627;67.17412935323384;59.975124378109456;62.81094527363184;130.1492537313433;4.569900497512438;1.9706467661691542;
2006;10;MT;Apiacas;0.08648648648648649;986.7135135135136;987.145945945946;986.3837837837837;1378.8405405405406;26.88918918918919;21.967567567567567;27.713513513513515;25.991891891891893;22.691891891891892;21.313513513513513;81.08108108108108;72.02702702702703;76.1891891891892;200.0;0.4081081081081081;0.0;
2006;10;MT;Campo novo dos parecis;1.3276923076923077;950.1176923076923;950.2623076923078;949.4907692307693;1672.3307692307692;23.372307692307693;20.097692307692306;24.26846153846154;23.048461538461538;20.424615384615382;19.623076923076923;83.8;78.48461538461538;82.65384615384616;194.2076923076923;3.7600000000000002;1.1261538461538463;
2006;10;MT;Cuiaba;0.1336658354114713;992.4154613466334;992.8830423940149;992.0990024937656;1435.3014962593518;29.08229426433915;22.04089775561097;29.77082294264339;28.215461346633415;22.721945137157107;21.4072319201995;71.51122194513715;64.2219451371571;67.43890274314215;208.92518703241896;5.161097256857855;2.2266832917705734;
2006;10;MT;Rondonopolis;0.18564356435643564;977.6165841584158;978.0636138613862;977.3371287128713;16955.173267326732;28.094801980198017;21.263861386138615;28.842079207920793;27.043069306930693;21.871287128712872;20.634158415841586;72.9009900990099;64.73267326732673;68.14356435643565;171.21039603960395;5.078960396039604;2.382920792079208;
2006;10;MT;Sorriso;0.24702970297029703;967.7925742574258;968.2559405940594;967.4851485148515;15896.873762376237;27.369059405940597;21.019801980198018;28.096782178217822;26.372772277227725;21.625247524752478;20.41509900990099;74.58910891089108;67.0990099009901;70.22772277227723;166.20049504950495;0.08613861386138615;0.00024752475247524753;
2006;10;MT;Tangara da serra;0.3782082324455206;960.7929782082324;961.2317191283294;960.4675544794188;15058.455205811139;26.55060532687651;21.2455205811138;27.287409200968526;25.62542372881356;21.853510895883776;20.592978208232445;78.52542372881356;70.46973365617433;74.23002421307505;162.68038740920096;5.9309927360774815;3.039709443099274;
2006;10;PA;Belem;0.21462140992167103;1007.9007832898172;1008.2939947780678;1007.6305483028721;16575.039164490863;29.81462140992167;22.782506527415144;30.562924281984333;28.69556135770235;23.463185378590076;22.061618798955614;72.13054830287206;63.49869451697128;67.09138381201045;146.17493472584857;5.214099216710183;1.8438642297650132;
2006;10;PA;Castanhal;0.17023498694516973;1004.5681462140991;1004.9744125326371;1004.3109660574412;19215.992167101827;30.254569190600524;21.714882506527413;31.18198433420366;28.971279373368148;22.400261096605742;21.070757180156658;67.18537859007833;59.070496083550914;62.13838120104439;67.49869451697128;7.563185378590078;3.6947780678851174;
2006;10;TO;Palmas;0.16903553299492385;977.6794416243655;978.1200507614213;977.3939086294416;1369.880456852792;29.212182741116752;20.391370558375634;29.79162436548223;28.304568527918782;21.131725888324873;19.668527918781724;65.76903553299492;57.77918781725889;61.02791878172589;174.38832487309645;4.8035532994923855;1.9883248730964467;
2006;10;TO;Parana;0.1730964467005076;978.4187817258884;978.8571065989848;978.1263959390863;1452.5218274111674;28.598477157360403;20.17309644670051;29.23502538071066;27.679441624365484;20.94619289340101;19.503553299492385;68.42639593908629;60.36294416243655;63.67766497461929;156.3197969543147;4.757360406091371;2.067766497461929;
2006;11;AM;Manaus;0.49538461538461537;1002.5600000000001;1003.0289743589743;1002.2402564102564;1325.9533333333334;29.247179487179487;23.66025641025641;29.77974358974359;28.526153846153846;24.277179487179488;23.096923076923076;76.93589743589743;70.06923076923077;73.06153846153846;140.8128205128205;4.153589743589744;1.5805128205128205;
2006;11;MT;Apiacas;0.2755208333333333;984.9846354166666;985.446875;984.6666666666666;1426.9580729166667;27.695052083333334;22.57421875;28.331510416666664;26.816145833333334;23.151302083333334;21.950520833333332;79.5234375;71.796875;75.17708333333333;172.421875;3.857552083333333;1.3414062500000001;
2006;11;MT;Campo novo dos parecis;0.20458015267175575;949.7363867684479;950.1613231552163;949.4603053435115;19041.1679389313;27.490839694656486;18.712213740458015;28.291094147582697;26.4058524173028;19.508905852417303;17.968702290076337;66.23155216284987;57.56997455470738;61.155216284987276;215.7735368956743;5.480407124681935;2.1399491094147582;
2006;11;MT;Campo verde;0.12063492063492064;927.1142857142856;927.5079365079365;926.8484126984126;1663.1738095238095;25.863492063492064;19.86825396825397;26.74920634920635;24.88253968253968;20.582539682539682;19.099999999999998;75.84126984126983;66.66666666666667;71.06349206349206;259.41269841269843;7.842063492063493;4.023809523809524;
2006;11;MT;Comodoro;0.1647058823529412;943.7647058823529;944.1882352941177;943.4470588235295;1431.105882352941;25.28529411764706;21.041176470588233;26.226470588235294;24.523529411764706;21.688235294117646;20.223529411764705;82.38235294117646;72.97058823529412;78.41176470588235;246.94117647058823;5.161764705882353;2.3588235294117648;
2006;11;MT;Cuiaba;0.04969696969696969;991.8678787878789;992.3593939393938;991.7060606060606;2249.829090909091;31.503030303030304;18.94121212121212;32.266666666666666;30.46181818181818;19.817575757575757;18.154545454545456;54.32121212121212;47.163636363636364;50.06060606060606;199.43030303030304;6.124848484848485;2.83030303030303;
2006;11;MT;Juara;0.14594594594594593;979.7752252252252;980.2463963963964;979.4806306306307;1626.8144144144144;27.673423423423422;1.718018018018018;28.16081081081081;26.73063063063063;4.719819819819819;-0.668918918918919;26.22972972972973;17.126126126126128;20.16216216216216;278.94144144144144;4.449549549549549;1.7072072072072073;
2006;11;MT;Rondonopolis;0.2562025316455696;976.8751898734178;977.3002531645569;976.6101265822784;19408.906329113925;28.269367088607595;20.383544303797468;29.062025316455696;27.159493670886075;21.185316455696203;19.63341772151899;70.5240506329114;62.04810126582279;65.48607594936709;161.97974683544305;5.346329113924051;2.488607594936709;
2006;11;MT;Sinop;0.15517241379310345;968.0790229885057;968.5227011494253;967.7827586206897;1593.367816091954;27.67097701149425;20.941666666666666;28.347413793103446;26.753735632183908;21.73218390804598;20.127011494252873;74.22413793103448;65.43103448275862;69.24712643678161;165.95402298850576;5.266954022988506;2.2614942528735633;
2006;11;MT;Sorriso;0.3118987341772152;967.2207594936709;967.6815189873417;966.9182278481013;18859.660759493672;28.105063291139242;20.48126582278481;28.812405063291138;27.070886075949367;21.1673417721519;19.781518987341773;70.16962025316455;62.779746835443035;65.72405063291139;165.57215189873418;0.11848101265822786;0.0;
2006;11;MT;Tangara da serra;0.1878481012658228;960.2465822784811;960.6658227848101;959.9696202531645;20070.308860759495;27.69189873417721;20.074430379746836;28.459240506329113;26.689367088607593;20.823544303797465;19.303797468354432;70.24303797468355;61.8;65.54683544303798;166.2;6.595949367088608;3.4022784810126585;
2006;11;PA;Belem;0.7863387978142077;1007.1986338797815;1007.6013661202185;1006.9303278688525;14746.032786885246;28.808196721311475;23.06639344262295;29.616120218579233;27.756830601092897;23.753825136612022;22.34617486338798;77.21857923497268;68.46448087431693;72.37704918032787;142.76775956284152;4.698360655737704;1.577049180327869;
2006;11;PA;Castanhal;0.2981818181818182;1003.8244155844156;1004.2176623376623;1003.5535064935065;16263.758441558442;28.847012987012988;22.32857142857143;29.69064935064935;27.8;23.045714285714286;21.705974025974022;74.36103896103896;66.25974025974025;69.72727272727273;93.15324675324675;6.6472727272727266;3.0659740259740262;
2006;11;TO;Palmas;0.20097560975609757;977.1053658536586;977.5204878048781;976.8021951219513;1307.440243902439;28.447560975609758;20.640731707317077;29.12951219512195;27.63707317073171;21.352926829268295;19.900487804878047;68.96585365853659;60.78292682926829;64.61951219512196;168.41951219512194;5.150487804878049;2.205121951219512;
2006;11;TO;Parana;0.5487804878048781;977.9607317073171;978.35;977.670243902439;1473.469512195122;27.836585365853658;20.776829268292683;28.455365853658538;26.957560975609756;21.49731707317073;20.02170731707317;72.47317073170731;64.35121951219512;67.90243902439025;159.50243902439024;4.658536585365853;2.071463414634146;
2006;12;AM;Manaus;0.4102425876010781;1003.4514824797843;1003.9088948787062;1003.1851752021564;1392.2768194070081;29.804043126684633;24.008625336927224;30.33153638814016;29.04501347708895;24.63234501347709;23.399730458221022;76.31266846361186;69.33153638814017;72.37735849056604;122.43126684636118;4.236927223719677;1.596765498652291;
2006;12;MT;Agua boa;0.224468085106383;962.1042553191489;962.5345744680851;961.8159574468085;1621.288829787234;27.11010638297872;21.31382978723404;27.95212765957447;26.163829787234043;22.173404255319152;20.521808510638298;77.33510638297872;67.62234042553192;72.17553191489361;202.6968085106383;5.86968085106383;2.6430851063829786;
2006;12;MT;Apiacas;0.5922480620155038;986.1906976744186;986.6348837209302;985.8695090439277;1284.4994832041343;27.119638242894055;22.7953488372093;27.77157622739018;26.298966408268736;23.340310077519383;22.172609819121444;82.59689922480621;75.27390180878552;78.6485788113695;153.35658914728683;3.9279069767441857;1.3051679586563307;
2006;12;MT;Campo novo dos parecis;0.3806930693069307;950.8210396039605;951.1980198019802;950.5079207920793;14785.321782178218;25.586138613861383;20.49430693069307;26.259158415841586;24.782178217821784;21.06757425742574;19.91757425742574;78.3440594059406;71.32673267326733;74.5940594059406;245.0618811881188;5.116831683168316;1.9586633663366335;
2006;12;MT;Campo verde;0.5038363171355499;928.6081841432225;928.968030690537;928.3120204603581;1311.6757033248082;24.20537084398977;20.50460358056266;24.970332480818414;23.41636828644501;21.134271099744247;19.905882352941177;85.28388746803068;77.15601023017904;81.076726342711;268.47058823529414;7.432736572890025;3.878005115089514;
2006;12;MT;Comodoro;0.6217821782178218;945.4190594059405;945.7789603960397;945.1049504950496;1181.4730198019802;24.509158415841586;21.36336633663366;25.253217821782176;23.73292079207921;22.011138613861387;20.737623762376238;87.59653465346534;79.31683168316832;83.51237623762377;248.55445544554456;5.737128712871288;2.4603960396039604;
2006;12;MT;Cuiaba;0.11232876712328767;993.9232876712327;994.3876712328768;993.6390410958903;1785.2849315068493;29.413013698630138;22.066438356164383;30.21095890410959;28.505479452054796;22.845890410958905;21.323287671232876;71.0068493150685;62.39041095890411;66.41095890410959;244.3972602739726;5.742465753424657;2.4534246575342467;
2006;12;MT;Juara;0.25;981.0117346938775;981.2494897959183;980.5520408163266;755.134693877551;24.930612244897958;-3.223469387755102;25.177551020408163;24.207653061224487;-1.988265306122449;-4.501530612244898;17.612244897959183;14.438775510204081;15.71938775510204;287.8826530612245;3.7545918367346935;1.371938775510204;
2006;12;MT;Juina;0.30526315789473685;968.632057416268;969.0153110047847;968.3076555023923;1113.8784688995215;25.812918660287078;22.425837320574164;26.525358851674643;25.083253588516744;23.0311004784689;21.84784688995215;86.44497607655502;78.40191387559808;82.35885167464114;223.01913875598086;4.4200956937799045;1.3808612440191388;
2006;12;MT;Paranatinga;0.12191780821917808;958.4527397260274;958.8883561643836;958.1417808219179;1632.8979452054796;27.006164383561643;20.998630136986304;27.780136986301372;26.02260273972603;21.8;20.095205479452055;76.85616438356165;66.67123287671232;71.32876712328768;194.97260273972603;5.382191780821917;2.2095890410958905;
2006;12;MT;Rondonopolis;0.6559193954659951;977.9816120906801;978.3866498740554;977.6743073047859;15775.395465994961;26.823929471032745;22.208060453400506;27.580856423173806;25.96549118387909;22.825188916876574;21.65088161209068;81.36272040302266;73.54156171284635;77.15365239294711;174.23425692695213;5.209319899244332;2.391939546599496;
2006;12;MT;Sinop;0.5180156657963446;969.4013054830288;969.8342036553524;969.0926892950391;1336.5892950391644;25.846736292428197;22.28355091383812;26.403916449086164;25.0733681462141;22.92715404699739;21.61018276762402;86.02349869451697;77.9817232375979;81.64229765013054;182.4360313315927;4.438381201044387;1.845953002610966;
2006;12;MT;Sorriso;0.6516290726817042;968.6375939849625;969.0501253132832;968.3213032581453;14557.899749373433;26.101754385964913;21.615789473684213;26.764160401002506;25.252631578947366;22.167418546365912;21.018045112781955;81.17794486215539;74.37844611528823;77.45614035087719;198.59899749373434;0.10225563909774438;0.0;
2006;12;MT;Tangara da serra;0.6276543209876543;961.2155555555555;961.6071604938272;960.8962962962963;14644.437037037036;25.846913580246913;21.805679012345678;26.621975308641975;24.987654320987655;22.398765432098767;21.196790123456793;83.51358024691358;75.51358024691358;79.51604938271605;156.09382716049382;6.0395061728395065;3.1281481481481483;
2006;12;MT;Vila bela da santissima trindade;0.38774509803921564;985.5553921568627;985.9475490196078;985.2446078431373;1265.154656862745;26.899509803921568;22.950735294117646;27.639215686274508;26.08995098039216;23.517156862745097;22.33799019607843;84.26470588235294;76.03676470588235;80.08823529411765;242.48529411764707;5.310294117647058;1.9321078431372547;
2006;12;PA;Belem;1.19247311827957;1008.5204301075269;1008.8782258064516;1008.2252688172043;13123.008064516129;28.145430107526884;23.41962365591398;28.991397849462363;27.1494623655914;24.08548387096774;22.681182795698923;80.9247311827957;72.43279569892474;76.58064516129032;135.79032258064515;4.7534946236559135;1.5543010752688173;
2006;12;PA;Castanhal;0.42043010752688176;1005.0771505376345;1005.4470430107526;1004.8021505376345;14578.948924731183;28.73521505376344;22.55698924731183;29.53521505376344;27.691935483870967;23.262096774193548;21.939247311827955;75.6236559139785;67.47043010752688;70.89247311827957;104.26075268817205;6.529301075268817;3.0080645161290325;
2006;12;TO;Palmas;0.6030379746835443;978.3093670886076;978.6918987341771;977.9951898734176;1237.4306329113924;28.22506329113924;21.154177215189872;28.887088607594936;27.344303797468353;21.8526582278481;20.468101265822785;71.96962025316456;63.860759493670884;67.43544303797468;169.54430379746836;4.479240506329114;1.8534177215189873;
2006;12;TO;Parana;0.2136708860759494;978.9620253164557;979.3478481012659;978.6518987341772;1488.0812658227846;27.974683544303797;21.031139240506327;28.62405063291139;27.09746835443038;21.874683544303796;20.196202531645568;73.30126582278481;64.48860759493671;68.42025316455697;179.12151898734177;4.1686075949367085;1.7432911392405064;
2006;12;TO;Peixe;0.4501408450704225;982.4354929577464;982.816338028169;982.129295774648;1439.7774647887325;27.95380281690141;21.99774647887324;28.594647887323944;27.088732394366197;22.77605633802817;21.238591549295773;77.45633802816901;68.66478873239437;72.51830985915493;171.4732394366197;4.188169014084507;1.6042253521126761;
